{
  "LogisticRegression": {
    "accuracy": 0.9046666666666666,
    "auc": 0.9664224751066857
  },
  "LinearSVM": {
    "accuracy": 0.9053333333333333,
    "auc": null
  },
  "kNN": {
    "accuracy": 0.926,
    "auc": 0.9711219772403983
  }
}