{
  "train_loss": [
    0.323274524165754,
    0.23782655238210282,
    0.1993992631250876,
    0.17781282487430872,
    0.16371910747557195,
    0.1537160865741498,
    0.14631224803679288,
    0.1406550945730487,
    0.13497550318106732,
    0.11610426991182976,
    0.11148261162816198,
    0.10862913947039488,
    0.09541817462331892,
    0.09339981933680974,
    0.0910517916313438,
    0.08256717906601807
  ],
  "train_acc": [
    0.8622550964355469,
    0.9047431945800781,
    0.9226036071777344,
    0.9327926635742188,
    0.9391098022460938,
    0.9431877136230469,
    0.9461746215820312,
    0.9482002258300781,
    0.9505386352539062,
    0.9581375122070312,
    0.9599342346191406,
    0.9608840942382812,
    0.9665145874023438,
    0.9672470092773438,
    0.9680290222167969,
    0.9713249206542969
  ],
  "val_loss": [
    0.7608505549724214,
    0.3770719189342344,
    0.33603281057730783,
    0.4026396208500955,
    0.4809370573348133,
    0.289258603748749,
    0.3426725415774854,
    0.36998813936224906,
    0.7853999140152155,
    0.3571328424004605,
    0.31231515117542585,
    0.4606642867165647,
    0.507413076415105,
    0.45235701354249613,
    0.6111933563879575,
    0.3889162304039928
  ],
  "val_acc": [
    0.689483642578125,
    0.8507080078125,
    0.86328125,
    0.843505859375,
    0.832000732421875,
    0.88818359375,
    0.874786376953125,
    0.866363525390625,
    0.789154052734375,
    0.87628173828125,
    0.884002685546875,
    0.84228515625,
    0.84930419921875,
    0.854217529296875,
    0.807952880859375,
    0.875701904296875
  ]
}